runNumber,dataset,scaleFactor,schema,table,column,decodeTime,count
1,IMDB,0.001,,actors,,2.81215,999823
1,IMDB,0.001,,films,,2.462,1021699
1,IMDB,0.001,,plot,,0.983711,1060212
1,IMDB,0.001,,quotes,,1.25705,1058497
1,IMDB,0.005,,actors,,14.0843,4996184
1,IMDB,0.005,,films,,11.4109,5109433
1,IMDB,0.005,,plot,,4.939,5304964
1,IMDB,0.005,,quotes,,6.21745,5259582
1,IMDB,0.01,,actors,,28.4146,9991700
1,IMDB,0.01,,films,,21.8697,10228367
1,IMDB,0.01,,plot,,9.50558,10548213
1,IMDB,0.01,,quotes,,12.3127,10512180
1,IMDB,0.05,,actors,,138.328,50001909
1,IMDB,0.05,,films,,106.856,51137300
1,IMDB,0.05,,plot,,47.4847,52909566
1,IMDB,0.05,,quotes,,68.0446,52547855
1,IMDB,0.1,,actors,,279.663,100002165
1,IMDB,0.1,,films,,219.541,102300624
1,IMDB,0.1,,plot,,97.8142,105807242
1,IMDB,0.1,,quotes,,121.991,105146808
1,IMDB,0.2,,actors,,542.656,200027053
1,IMDB,0.2,,films,,420.384,204508486
1,IMDB,0.2,,plot,,186.881,211538610
1,IMDB,0.2,,quotes,,240.739,210395696
1,StackOverflow,0.01,,Comments,,8.52107,10686646
1,StackOverflow,0.01,,PostHistory,,5.8233,10218136
1,StackOverflow,0.01,,Posts,,5.482,10780080
1,StackOverflow,0.05,,Comments,,38.5822,53585617
1,StackOverflow,0.05,,PostHistory,,28.5844,52357025
1,StackOverflow,0.05,,Posts,,27.6684,53760151
1,StackOverflow,0.1,,Comments,,77.1124,107343552
1,StackOverflow,0.1,,PostHistory,,56.5684,107106496
1,StackOverflow,0.1,,Posts,,60.5161,107590677
1,StackOverflow,0.5,,Comments,,388.439,536785104
1,StackOverflow,0.5,,PostHistory,,290.416,538117903
1,StackOverflow,0.5,,Posts,,282.588,537341047
1,StackOverflow,1,,Comments,,774.462,1073371218
1,StackOverflow,1,,PostHistory,,579.181,1074695668
1,StackOverflow,1,,Posts,,564.432,1075126023
1,StackOverflow,5,,Comments,,4042.77,5368441585
1,StackOverflow,5,,PostHistory,,2949.63,5370908700
1,StackOverflow,5,,Posts,,2876.77,5371672253
1,StackOverflow,10,,Comments,,8069.13,10736047627
1,StackOverflow,10,,PostHistory,,5810.28,10734064610
1,StackOverflow,10,,Posts,,5812.4,10741845978
1,StackOverflow,50,,PostHistory,,29025.7,53680391425
1,StackOverflow,50,,Posts,,28315.4,53684240600
1,TPCH,1,,orders,o_comment,67.7636,72770808
1,TPCH,1,,part,p_name,7.10347,6550221
1,TPCH,1,,part,p_type,8.21316,4119946
1,TPCH,1,,supplier,s_comment,0.448946,625695
1,TPCH,10,,orders,o_comment,645.359,727385523
1,TPCH,10,,part,p_name,72.5547,65495664
1,TPCH,10,,part,p_type,82.115,41198753
1,TPCH,10,,supplier,s_comment,4.54342,6242126
1,TPCH,100,,orders,o_comment,6665.51,7275038709
1,TPCH,100,,part,p_name,774.263,654983885
1,TPCH,100,,part,p_type,902.373,411999154
1,TPCH,100,,supplier,s_comment,47.32,62495624
1,PublicBI,,CityMaxCapita,CityMaxCapita_1,First Link in Tweet,3.98919,3061405
1,PublicBI,,CityMaxCapita,CityMaxCapita_1,User Bio,5.76002,2514846
1,PublicBI,,CommonGovernment,CommonGovernment_1,prod_or_serv_code,0.062032,6860
1,PublicBI,,CommonGovernment,CommonGovernment_1,vend_vendorname,7.27444,3904950
1,PublicBI,,HashTags,HashTags_1,interaction#content,6.39208,2569747
1,PublicBI,,HashTags,HashTags_1,twitter#user#location,2.45394,955349
2,IMDB,0.001,,actors,,2.7691,999823
2,IMDB,0.001,,films,,2.2468,1021699
2,IMDB,0.001,,plot,,0.971016,1060212
2,IMDB,0.001,,quotes,,1.26034,1058497
2,IMDB,0.005,,actors,,13.748,4996184
2,IMDB,0.005,,films,,11.1254,5109433
2,IMDB,0.005,,plot,,4.66491,5304964
2,IMDB,0.005,,quotes,,6.07819,5259582
2,IMDB,0.01,,actors,,30.2332,9991700
2,IMDB,0.01,,films,,21.7664,10228367
2,IMDB,0.01,,plot,,9.254,10548213
2,IMDB,0.01,,quotes,,11.6446,10512180
2,IMDB,0.05,,actors,,133.723,50001909
2,IMDB,0.05,,films,,105.188,51137300
2,IMDB,0.05,,plot,,46.0126,52909566
2,IMDB,0.05,,quotes,,59.0336,52547855
2,IMDB,0.1,,actors,,271.368,100002165
2,IMDB,0.1,,films,,216.865,102300624
2,IMDB,0.1,,plot,,94.5293,105807242
2,IMDB,0.1,,quotes,,120.215,105146808
2,IMDB,0.2,,actors,,544.764,200027053
2,IMDB,0.2,,films,,426.34,204508486
2,IMDB,0.2,,plot,,188.003,211538610
2,IMDB,0.2,,quotes,,224.512,210395696
2,StackOverflow,0.01,,Comments,,8.26934,10686646
2,StackOverflow,0.01,,PostHistory,,6.08496,10218136
2,StackOverflow,0.01,,Posts,,5.89432,10780080
2,StackOverflow,0.05,,Comments,,39.1612,53585617
2,StackOverflow,0.05,,PostHistory,,26.3649,52357025
2,StackOverflow,0.05,,Posts,,27.366,53760151
2,StackOverflow,0.1,,Comments,,76.1275,107343552
2,StackOverflow,0.1,,PostHistory,,57.3224,107106496
2,StackOverflow,0.1,,Posts,,56.108,107590677
2,StackOverflow,0.5,,Comments,,382.436,536785104
2,StackOverflow,0.5,,PostHistory,,290.361,538117903
2,StackOverflow,0.5,,Posts,,279.553,537341047
2,StackOverflow,1,,Comments,,761.538,1073371218
2,StackOverflow,1,,PostHistory,,577.776,1074695668
2,StackOverflow,1,,Posts,,574.411,1075126023
2,StackOverflow,5,,Comments,,3900.48,5368441585
2,StackOverflow,5,,PostHistory,,2969.94,5370908700
2,StackOverflow,5,,Posts,,2721.28,5371672253
2,StackOverflow,10,,Comments,,8045.21,10736047627
2,StackOverflow,10,,PostHistory,,5794.4,10734064610
2,StackOverflow,10,,Posts,,5860.87,10741845978
2,StackOverflow,50,,PostHistory,,29030.3,53680391425
2,StackOverflow,50,,Posts,,28370,53684240600
2,TPCH,1,,orders,o_comment,66.8853,72770808
2,TPCH,1,,part,p_name,7.63558,6550221
2,TPCH,1,,part,p_type,8.48329,4119946
2,TPCH,1,,supplier,s_comment,0.48492,625695
2,TPCH,10,,orders,o_comment,646.997,727385523
2,TPCH,10,,part,p_name,74.6681,65495664
2,TPCH,10,,part,p_type,87.3145,41198753
2,TPCH,10,,supplier,s_comment,5.01647,6242126
2,TPCH,100,,orders,o_comment,6730.01,7275038709
2,TPCH,100,,part,p_name,770.115,654983885
2,TPCH,100,,part,p_type,898.539,411999154
2,TPCH,100,,supplier,s_comment,48.9014,62495624
2,PublicBI,,CityMaxCapita,CityMaxCapita_1,First Link in Tweet,3.9929,3061405
2,PublicBI,,CityMaxCapita,CityMaxCapita_1,User Bio,5.78447,2514846
2,PublicBI,,CommonGovernment,CommonGovernment_1,prod_or_serv_code,0.062065,6860
2,PublicBI,,CommonGovernment,CommonGovernment_1,vend_vendorname,7.38283,3904950
2,PublicBI,,HashTags,HashTags_1,interaction#content,6.41844,2569747
2,PublicBI,,HashTags,HashTags_1,twitter#user#location,2.47779,955349
3,IMDB,0.001,,actors,,2.84458,999823
3,IMDB,0.001,,films,,2.32202,1021699
3,IMDB,0.001,,plot,,0.975542,1060212
3,IMDB,0.001,,quotes,,1.27264,1058497
3,IMDB,0.005,,actors,,14.082,4996184
3,IMDB,0.005,,films,,11.1938,5109433
3,IMDB,0.005,,plot,,4.71046,5304964
3,IMDB,0.005,,quotes,,6.0397,5259582
3,IMDB,0.01,,actors,,28.1395,9991700
3,IMDB,0.01,,films,,21.552,10228367
3,IMDB,0.01,,plot,,9.39403,10548213
3,IMDB,0.01,,quotes,,11.8784,10512180
3,IMDB,0.05,,actors,,139.429,50001909
3,IMDB,0.05,,films,,107.112,51137300
3,IMDB,0.05,,plot,,47.3495,52909566
3,IMDB,0.05,,quotes,,60.4653,52547855
3,IMDB,0.1,,actors,,271.437,100002165
3,IMDB,0.1,,films,,208.413,102300624
3,IMDB,0.1,,plot,,90.5391,105807242
3,IMDB,0.1,,quotes,,114.81,105146808
3,IMDB,0.2,,actors,,517.178,200027053
3,IMDB,0.2,,films,,412.025,204508486
3,IMDB,0.2,,plot,,179.317,211538610
3,IMDB,0.2,,quotes,,228.458,210395696
3,StackOverflow,0.01,,Comments,,8.39799,10686646
3,StackOverflow,0.01,,PostHistory,,6.19755,10218136
3,StackOverflow,0.01,,Posts,,5.90948,10780080
3,StackOverflow,0.05,,Comments,,40.1334,53585617
3,StackOverflow,0.05,,PostHistory,,27.6109,52357025
3,StackOverflow,0.05,,Posts,,30.0199,53760151
3,StackOverflow,0.1,,Comments,,77.7344,107343552
3,StackOverflow,0.1,,PostHistory,,55.2769,107106496
3,StackOverflow,0.1,,Posts,,57.0316,107590677
3,StackOverflow,0.5,,Comments,,401.726,536785104
3,StackOverflow,0.5,,PostHistory,,298.533,538117903
3,StackOverflow,0.5,,Posts,,284.009,537341047
3,StackOverflow,1,,Comments,,816.118,1073371218
3,StackOverflow,1,,PostHistory,,616.26,1074695668
3,StackOverflow,1,,Posts,,585.053,1075126023
3,StackOverflow,5,,Comments,,3936.92,5368441585
3,StackOverflow,5,,PostHistory,,3032.58,5370908700
3,StackOverflow,5,,Posts,,2771.97,5371672253
3,StackOverflow,10,,Comments,,8102.34,10736047627
3,StackOverflow,10,,PostHistory,,5771.94,10734064610
3,StackOverflow,10,,Posts,,5829.28,10741845978
3,StackOverflow,50,,PostHistory,,29160.6,53680391425
3,StackOverflow,50,,Posts,,28335.7,53684240600
3,TPCH,1,,orders,o_comment,70.0969,72770808
3,TPCH,1,,part,p_name,7.92273,6550221
3,TPCH,1,,part,p_type,8.88311,4119946
3,TPCH,1,,supplier,s_comment,0.518055,625695
3,TPCH,10,,orders,o_comment,664.67,727385523
3,TPCH,10,,part,p_name,73.6824,65495664
3,TPCH,10,,part,p_type,81.708,41198753
3,TPCH,10,,supplier,s_comment,4.68747,6242126
3,TPCH,100,,orders,o_comment,6798.4,7275038709
3,TPCH,100,,part,p_name,738.985,654983885
3,TPCH,100,,part,p_type,854.658,411999154
3,TPCH,100,,supplier,s_comment,48.0431,62495624
3,PublicBI,,CityMaxCapita,CityMaxCapita_1,First Link in Tweet,3.81024,3061405
3,PublicBI,,CityMaxCapita,CityMaxCapita_1,User Bio,5.50062,2514846
3,PublicBI,,CommonGovernment,CommonGovernment_1,prod_or_serv_code,0.060677,6860
3,PublicBI,,CommonGovernment,CommonGovernment_1,vend_vendorname,7.03166,3904950
3,PublicBI,,HashTags,HashTags_1,interaction#content,6.54273,2569747
3,PublicBI,,HashTags,HashTags_1,twitter#user#location,2.35572,955349
4,IMDB,0.001,,actors,,2.72459,999823
4,IMDB,0.001,,films,,2.20278,1021699
4,IMDB,0.001,,plot,,0.942849,1060212
4,IMDB,0.001,,quotes,,1.16105,1058497
4,IMDB,0.005,,actors,,13.8198,4996184
4,IMDB,0.005,,films,,11.2205,5109433
4,IMDB,0.005,,plot,,4.70658,5304964
4,IMDB,0.005,,quotes,,6.05785,5259582
4,IMDB,0.01,,actors,,25.5974,9991700
4,IMDB,0.01,,films,,19.9412,10228367
4,IMDB,0.01,,plot,,8.79227,10548213
4,IMDB,0.01,,quotes,,11.4599,10512180
4,IMDB,0.05,,actors,,131.54,50001909
4,IMDB,0.05,,films,,100.084,51137300
4,IMDB,0.05,,plot,,42.8754,52909566
4,IMDB,0.05,,quotes,,57.5622,52547855
4,IMDB,0.1,,actors,,258.728,100002165
4,IMDB,0.1,,films,,211.091,102300624
4,IMDB,0.1,,plot,,92.5675,105807242
4,IMDB,0.1,,quotes,,119.205,105146808
4,IMDB,0.2,,actors,,545.582,200027053
4,IMDB,0.2,,films,,414.071,204508486
4,IMDB,0.2,,plot,,184.386,211538610
4,IMDB,0.2,,quotes,,245.405,210395696
4,StackOverflow,0.01,,Comments,,8.61227,10686646
4,StackOverflow,0.01,,PostHistory,,6.13274,10218136
4,StackOverflow,0.01,,Posts,,5.90502,10780080
4,StackOverflow,0.05,,Comments,,40.2334,53585617
4,StackOverflow,0.05,,PostHistory,,29.0468,52357025
4,StackOverflow,0.05,,Posts,,29.9274,53760151
4,StackOverflow,0.1,,Comments,,80.8554,107343552
4,StackOverflow,0.1,,PostHistory,,59.1701,107106496
4,StackOverflow,0.1,,Posts,,59.399,107590677
4,StackOverflow,0.5,,Comments,,408.166,536785104
4,StackOverflow,0.5,,PostHistory,,306.579,538117903
4,StackOverflow,0.5,,Posts,,296.991,537341047
4,StackOverflow,1,,Comments,,776.332,1073371218
4,StackOverflow,1,,PostHistory,,579.649,1074695668
4,StackOverflow,1,,Posts,,558,1075126023
4,StackOverflow,5,,Comments,,4070.73,5368441585
4,StackOverflow,5,,PostHistory,,2892.93,5370908700
4,StackOverflow,5,,Posts,,2870.27,5371672253
4,StackOverflow,10,,Comments,,8129.58,10736047627
4,StackOverflow,10,,PostHistory,,5772.58,10734064610
4,StackOverflow,10,,Posts,,5815.91,10741845978
4,StackOverflow,50,,PostHistory,,28997.1,53680391425
4,StackOverflow,50,,Posts,,28368.4,53684240600
4,TPCH,1,,orders,o_comment,68.895,72770808
4,TPCH,1,,part,p_name,7.82001,6550221
4,TPCH,1,,part,p_type,10.6604,4119946
4,TPCH,1,,supplier,s_comment,0.508227,625695
4,TPCH,10,,orders,o_comment,680.658,727385523
4,TPCH,10,,part,p_name,79.0016,65495664
4,TPCH,10,,part,p_type,88.8199,41198753
4,TPCH,10,,supplier,s_comment,4.94548,6242126
4,TPCH,100,,orders,o_comment,6761.23,7275038709
4,TPCH,100,,part,p_name,765.216,654983885
4,TPCH,100,,part,p_type,856.816,411999154
4,TPCH,100,,supplier,s_comment,48.431,62495624
4,PublicBI,,CityMaxCapita,CityMaxCapita_1,First Link in Tweet,3.93854,3061405
4,PublicBI,,CityMaxCapita,CityMaxCapita_1,User Bio,5.58215,2514846
4,PublicBI,,CommonGovernment,CommonGovernment_1,prod_or_serv_code,0.061483,6860
4,PublicBI,,CommonGovernment,CommonGovernment_1,vend_vendorname,7.21546,3904950
4,PublicBI,,HashTags,HashTags_1,interaction#content,6.00576,2569747
4,PublicBI,,HashTags,HashTags_1,twitter#user#location,2.41848,955349
5,IMDB,0.001,,actors,,2.82374,999823
5,IMDB,0.001,,films,,2.31588,1021699
5,IMDB,0.001,,plot,,0.976893,1060212
5,IMDB,0.001,,quotes,,1.26107,1058497
5,IMDB,0.005,,actors,,13.1683,4996184
5,IMDB,0.005,,films,,10.6697,5109433
5,IMDB,0.005,,plot,,4.73127,5304964
5,IMDB,0.005,,quotes,,6.14777,5259582
5,IMDB,0.01,,actors,,26.8456,9991700
5,IMDB,0.01,,films,,19.5934,10228367
5,IMDB,0.01,,plot,,8.5455,10548213
5,IMDB,0.01,,quotes,,11.3287,10512180
5,IMDB,0.05,,actors,,130.11,50001909
5,IMDB,0.05,,films,,102.3,51137300
5,IMDB,0.05,,plot,,44.173,52909566
5,IMDB,0.05,,quotes,,59.2858,52547855
5,IMDB,0.1,,actors,,258.136,100002165
5,IMDB,0.1,,films,,201.133,102300624
5,IMDB,0.1,,plot,,89.8163,105807242
5,IMDB,0.1,,quotes,,114.253,105146808
5,IMDB,0.2,,actors,,517.967,200027053
5,IMDB,0.2,,films,,400.743,204508486
5,IMDB,0.2,,plot,,188.872,211538610
5,IMDB,0.2,,quotes,,241.015,210395696
5,StackOverflow,0.01,,Comments,,8.56183,10686646
5,StackOverflow,0.01,,PostHistory,,5.89179,10218136
5,StackOverflow,0.01,,Posts,,5.9525,10780080
5,StackOverflow,0.05,,Comments,,40.9686,53585617
5,StackOverflow,0.05,,PostHistory,,29.5272,52357025
5,StackOverflow,0.05,,Posts,,30.0461,53760151
5,StackOverflow,0.1,,Comments,,82.1976,107343552
5,StackOverflow,0.1,,PostHistory,,57.6998,107106496
5,StackOverflow,0.1,,Posts,,58.7627,107590677
5,StackOverflow,0.5,,Comments,,413.57,536785104
5,StackOverflow,0.5,,PostHistory,,312.758,538117903
5,StackOverflow,0.5,,Posts,,296.271,537341047
5,StackOverflow,1,,Comments,,827.35,1073371218
5,StackOverflow,1,,PostHistory,,593.63,1074695668
5,StackOverflow,1,,Posts,,561.095,1075126023
5,StackOverflow,5,,Comments,,3986.6,5368441585
5,StackOverflow,5,,PostHistory,,2917.3,5370908700
5,StackOverflow,5,,Posts,,2857.83,5371672253
5,StackOverflow,10,,Comments,,8065.37,10736047627
5,StackOverflow,10,,PostHistory,,5723.64,10734064610
5,StackOverflow,10,,Posts,,5734.27,10741845978
5,StackOverflow,50,,PostHistory,,28971.3,53680391425
5,StackOverflow,50,,Posts,,28310.3,53684240600
5,TPCH,1,,orders,o_comment,67.4572,72770808
5,TPCH,1,,part,p_name,7.38948,6550221
5,TPCH,1,,part,p_type,8.07815,4119946
5,TPCH,1,,supplier,s_comment,0.507097,625695
5,TPCH,10,,orders,o_comment,645.178,727385523
5,TPCH,10,,part,p_name,73.4546,65495664
5,TPCH,10,,part,p_type,83.0205,41198753
5,TPCH,10,,supplier,s_comment,4.46889,6242126
5,TPCH,100,,orders,o_comment,6735.52,7275038709
5,TPCH,100,,part,p_name,790.815,654983885
5,TPCH,100,,part,p_type,907.987,411999154
5,TPCH,100,,supplier,s_comment,49.7057,62495624
5,PublicBI,,CityMaxCapita,CityMaxCapita_1,First Link in Tweet,3.9844,3061405
5,PublicBI,,CityMaxCapita,CityMaxCapita_1,User Bio,5.89343,2514846
5,PublicBI,,CommonGovernment,CommonGovernment_1,prod_or_serv_code,0.062232,6860
5,PublicBI,,CommonGovernment,CommonGovernment_1,vend_vendorname,7.29406,3904950
5,PublicBI,,HashTags,HashTags_1,interaction#content,6.43799,2569747
5,PublicBI,,HashTags,HashTags_1,twitter#user#location,2.48099,955349
6,IMDB,0.001,,actors,,2.90555,999823
6,IMDB,0.001,,films,,2.30157,1021699
6,IMDB,0.001,,plot,,0.976378,1060212
6,IMDB,0.001,,quotes,,1.24799,1058497
6,IMDB,0.005,,actors,,13.9113,4996184
6,IMDB,0.005,,films,,11.3704,5109433
6,IMDB,0.005,,plot,,4.78528,5304964
6,IMDB,0.005,,quotes,,6.17648,5259582
6,IMDB,0.01,,actors,,27.9705,9991700
6,IMDB,0.01,,films,,21.9628,10228367
6,IMDB,0.01,,plot,,9.42848,10548213
6,IMDB,0.01,,quotes,,12.4106,10512180
6,IMDB,0.05,,actors,,136.905,50001909
6,IMDB,0.05,,films,,106.488,51137300
6,IMDB,0.05,,plot,,43.7128,52909566
6,IMDB,0.05,,quotes,,57.459,52547855
6,IMDB,0.1,,actors,,260.03,100002165
6,IMDB,0.1,,films,,203.136,102300624
6,IMDB,0.1,,plot,,88.7925,105807242
6,IMDB,0.1,,quotes,,114.178,105146808
6,IMDB,0.2,,actors,,516.71,200027053
6,IMDB,0.2,,films,,397.332,204508486
6,IMDB,0.2,,plot,,181.49,211538610
6,IMDB,0.2,,quotes,,227.874,210395696
6,StackOverflow,0.01,,Comments,,8.45515,10686646
6,StackOverflow,0.01,,PostHistory,,6.38867,10218136
6,StackOverflow,0.01,,Posts,,6.08241,10780080
6,StackOverflow,0.05,,Comments,,39.1121,53585617
6,StackOverflow,0.05,,PostHistory,,29.0227,52357025
6,StackOverflow,0.05,,Posts,,29.1822,53760151
6,StackOverflow,0.1,,Comments,,77.751,107343552
6,StackOverflow,0.1,,PostHistory,,59.4142,107106496
6,StackOverflow,0.1,,Posts,,58.3318,107590677
6,StackOverflow,0.5,,Comments,,410.481,536785104
6,StackOverflow,0.5,,PostHistory,,325.962,538117903
6,StackOverflow,0.5,,Posts,,320.014,537341047
6,StackOverflow,1,,Comments,,826.692,1073371218
6,StackOverflow,1,,PostHistory,,645.545,1074695668
6,StackOverflow,1,,Posts,,596.437,1075126023
6,StackOverflow,5,,Comments,,4002.73,5368441585
6,StackOverflow,5,,PostHistory,,3057.97,5370908700
6,StackOverflow,5,,Posts,,3056.18,5371672253
6,StackOverflow,10,,Comments,,8083.74,10736047627
6,StackOverflow,10,,PostHistory,,6132.96,10734064610
6,StackOverflow,10,,Posts,,6149.09,10741845978
6,StackOverflow,50,,PostHistory,,30621.3,53680391425
6,StackOverflow,50,,Posts,,30098.3,53684240600
6,TPCH,1,,orders,o_comment,67.568,72770808
6,TPCH,1,,part,p_name,7.47316,6550221
6,TPCH,1,,part,p_type,8.39691,4119946
6,TPCH,1,,supplier,s_comment,0.484033,625695
6,TPCH,10,,orders,o_comment,664.419,727385523
6,TPCH,10,,part,p_name,76.5144,65495664
6,TPCH,10,,part,p_type,86.2984,41198753
6,TPCH,10,,supplier,s_comment,4.94229,6242126
6,TPCH,100,,orders,o_comment,6680.26,7275038709
6,TPCH,100,,part,p_name,738.621,654983885
6,TPCH,100,,part,p_type,869.542,411999154
6,TPCH,100,,supplier,s_comment,49.3439,62495624
6,PublicBI,,CityMaxCapita,CityMaxCapita_1,First Link in Tweet,3.93269,3061405
6,PublicBI,,CityMaxCapita,CityMaxCapita_1,User Bio,5.59048,2514846
6,PublicBI,,CommonGovernment,CommonGovernment_1,prod_or_serv_code,0.060831,6860
6,PublicBI,,CommonGovernment,CommonGovernment_1,vend_vendorname,7.14954,3904950
6,PublicBI,,HashTags,HashTags_1,interaction#content,6.30282,2569747
6,PublicBI,,HashTags,HashTags_1,twitter#user#location,2.41799,955349
7,IMDB,0.001,,actors,,2.7632,999823
7,IMDB,0.001,,films,,2.30702,1021699
7,IMDB,0.001,,plot,,0.971815,1060212
7,IMDB,0.001,,quotes,,1.25721,1058497
7,IMDB,0.005,,actors,,14.0033,4996184
7,IMDB,0.005,,films,,11.2167,5109433
7,IMDB,0.005,,plot,,4.6981,5304964
7,IMDB,0.005,,quotes,,6.1283,5259582
7,IMDB,0.01,,actors,,27.9522,9991700
7,IMDB,0.01,,films,,21.3287,10228367
7,IMDB,0.01,,plot,,8.90946,10548213
7,IMDB,0.01,,quotes,,12.3682,10512180
7,IMDB,0.05,,actors,,139.539,50001909
7,IMDB,0.05,,films,,108.769,51137300
7,IMDB,0.05,,plot,,46.6496,52909566
7,IMDB,0.05,,quotes,,60.6546,52547855
7,IMDB,0.1,,actors,,275.977,100002165
7,IMDB,0.1,,films,,214.603,102300624
7,IMDB,0.1,,plot,,93.3929,105807242
7,IMDB,0.1,,quotes,,121.677,105146808
7,IMDB,0.2,,actors,,543.536,200027053
7,IMDB,0.2,,films,,425.558,204508486
7,IMDB,0.2,,plot,,187.719,211538610
7,IMDB,0.2,,quotes,,239.604,210395696
7,StackOverflow,0.01,,Comments,,8.4465,10686646
7,StackOverflow,0.01,,PostHistory,,6.17403,10218136
7,StackOverflow,0.01,,Posts,,5.90627,10780080
7,StackOverflow,0.05,,Comments,,41.3176,53585617
7,StackOverflow,0.05,,PostHistory,,29.1071,52357025
7,StackOverflow,0.05,,Posts,,29.6786,53760151
7,StackOverflow,0.1,,Comments,,78.5817,107343552
7,StackOverflow,0.1,,PostHistory,,55.8346,107106496
7,StackOverflow,0.1,,Posts,,55.0288,107590677
7,StackOverflow,0.5,,Comments,,388.094,536785104
7,StackOverflow,0.5,,PostHistory,,293.515,538117903
7,StackOverflow,0.5,,Posts,,283.515,537341047
7,StackOverflow,1,,Comments,,773.833,1073371218
7,StackOverflow,1,,PostHistory,,578.861,1074695668
7,StackOverflow,1,,Posts,,560.113,1075126023
7,StackOverflow,5,,Comments,,4010.94,5368441585
7,StackOverflow,5,,PostHistory,,3005.92,5370908700
7,StackOverflow,5,,Posts,,2802.22,5371672253
7,StackOverflow,10,,Comments,,8101.61,10736047627
7,StackOverflow,10,,PostHistory,,5799.18,10734064610
7,StackOverflow,10,,Posts,,5813.26,10741845978
7,StackOverflow,50,,PostHistory,,29105.7,53680391425
7,StackOverflow,50,,Posts,,28385.5,53684240600
7,TPCH,1,,orders,o_comment,69.7102,72770808
7,TPCH,1,,part,p_name,7.93882,6550221
7,TPCH,1,,part,p_type,8.82403,4119946
7,TPCH,1,,supplier,s_comment,0.499028,625695
7,TPCH,10,,orders,o_comment,672.845,727385523
7,TPCH,10,,part,p_name,74.4862,65495664
7,TPCH,10,,part,p_type,82.562,41198753
7,TPCH,10,,supplier,s_comment,4.51682,6242126
7,TPCH,100,,orders,o_comment,6679.08,7275038709
7,TPCH,100,,part,p_name,741.486,654983885
7,TPCH,100,,part,p_type,867.454,411999154
7,TPCH,100,,supplier,s_comment,49.7262,62495624
7,PublicBI,,CityMaxCapita,CityMaxCapita_1,First Link in Tweet,3.9528,3061405
7,PublicBI,,CityMaxCapita,CityMaxCapita_1,User Bio,5.64912,2514846
7,PublicBI,,CommonGovernment,CommonGovernment_1,prod_or_serv_code,0.060551,6860
7,PublicBI,,CommonGovernment,CommonGovernment_1,vend_vendorname,7.22539,3904950
7,PublicBI,,HashTags,HashTags_1,interaction#content,6.37052,2569747
7,PublicBI,,HashTags,HashTags_1,twitter#user#location,2.49745,955349
8,IMDB,0.001,,actors,,2.80709,999823
8,IMDB,0.001,,films,,2.2918,1021699
8,IMDB,0.001,,plot,,0.956403,1060212
8,IMDB,0.001,,quotes,,1.25149,1058497
8,IMDB,0.005,,actors,,13.9087,4996184
8,IMDB,0.005,,films,,11.2984,5109433
8,IMDB,0.005,,plot,,4.73107,5304964
8,IMDB,0.005,,quotes,,6.09827,5259582
8,IMDB,0.01,,actors,,27.6967,9991700
8,IMDB,0.01,,films,,21.3604,10228367
8,IMDB,0.01,,plot,,9.08714,10548213
8,IMDB,0.01,,quotes,,11.6711,10512180
8,IMDB,0.05,,actors,,136.203,50001909
8,IMDB,0.05,,films,,106.062,51137300
8,IMDB,0.05,,plot,,44.9247,52909566
8,IMDB,0.05,,quotes,,61.1715,52547855
8,IMDB,0.1,,actors,,269.861,100002165
8,IMDB,0.1,,films,,214.76,102300624
8,IMDB,0.1,,plot,,94.2472,105807242
8,IMDB,0.1,,quotes,,120.538,105146808
8,IMDB,0.2,,actors,,550.631,200027053
8,IMDB,0.2,,films,,423.52,204508486
8,IMDB,0.2,,plot,,188.743,211538610
8,IMDB,0.2,,quotes,,235.679,210395696
8,StackOverflow,0.01,,Comments,,7.99966,10686646
8,StackOverflow,0.01,,PostHistory,,6.0742,10218136
8,StackOverflow,0.01,,Posts,,5.77596,10780080
8,StackOverflow,0.05,,Comments,,39.9329,53585617
8,StackOverflow,0.05,,PostHistory,,28.7579,52357025
8,StackOverflow,0.05,,Posts,,27.8944,53760151
8,StackOverflow,0.1,,Comments,,76.3885,107343552
8,StackOverflow,0.1,,PostHistory,,56.245,107106496
8,StackOverflow,0.1,,Posts,,58.8413,107590677
8,StackOverflow,0.5,,Comments,,383.42,536785104
8,StackOverflow,0.5,,PostHistory,,298.341,538117903
8,StackOverflow,0.5,,Posts,,289.089,537341047
8,StackOverflow,1,,Comments,,772.155,1073371218
8,StackOverflow,1,,PostHistory,,594.71,1074695668
8,StackOverflow,1,,Posts,,601.099,1075126023
8,StackOverflow,5,,Comments,,3987.79,5368441585
8,StackOverflow,5,,PostHistory,,3017,5370908700
8,StackOverflow,5,,Posts,,2847.13,5371672253
8,StackOverflow,10,,Comments,,8060.36,10736047627
8,StackOverflow,10,,PostHistory,,5852.46,10734064610
8,StackOverflow,10,,Posts,,5918.71,10741845978
8,StackOverflow,50,,PostHistory,,29288.5,53680391425
8,StackOverflow,50,,Posts,,28960,53684240600
8,TPCH,1,,orders,o_comment,69.4182,72770808
8,TPCH,1,,part,p_name,7.93032,6550221
8,TPCH,1,,part,p_type,8.81601,4119946
8,TPCH,1,,supplier,s_comment,0.496081,625695
8,TPCH,10,,orders,o_comment,681.554,727385523
8,TPCH,10,,part,p_name,79.1666,65495664
8,TPCH,10,,part,p_type,88.3356,41198753
8,TPCH,10,,supplier,s_comment,4.85891,6242126
8,TPCH,100,,orders,o_comment,6721.62,7275038709
8,TPCH,100,,part,p_name,785.558,654983885
8,TPCH,100,,part,p_type,886.721,411999154
8,TPCH,100,,supplier,s_comment,45.7012,62495624
8,PublicBI,,CityMaxCapita,CityMaxCapita_1,First Link in Tweet,3.90685,3061405
8,PublicBI,,CityMaxCapita,CityMaxCapita_1,User Bio,5.5445,2514846
8,PublicBI,,CommonGovernment,CommonGovernment_1,prod_or_serv_code,0.060791,6860
8,PublicBI,,CommonGovernment,CommonGovernment_1,vend_vendorname,7.16756,3904950
8,PublicBI,,HashTags,HashTags_1,interaction#content,6.35855,2569747
8,PublicBI,,HashTags,HashTags_1,twitter#user#location,2.41927,955349
9,IMDB,0.001,,actors,,2.77586,999823
9,IMDB,0.001,,films,,2.31544,1021699
9,IMDB,0.001,,plot,,0.966949,1060212
9,IMDB,0.001,,quotes,,1.24562,1058497
9,IMDB,0.005,,actors,,13.9463,4996184
9,IMDB,0.005,,films,,11.1552,5109433
9,IMDB,0.005,,plot,,4.5569,5304964
9,IMDB,0.005,,quotes,,5.92536,5259582
9,IMDB,0.01,,actors,,26.751,9991700
9,IMDB,0.01,,films,,19.9432,10228367
9,IMDB,0.01,,plot,,8.39055,10548213
9,IMDB,0.01,,quotes,,12.1692,10512180
9,IMDB,0.05,,actors,,129.6,50001909
9,IMDB,0.05,,films,,100.757,51137300
9,IMDB,0.05,,plot,,42.6136,52909566
9,IMDB,0.05,,quotes,,58.102,52547855
9,IMDB,0.1,,actors,,258.045,100002165
9,IMDB,0.1,,films,,201.588,102300624
9,IMDB,0.1,,plot,,95.23,105807242
9,IMDB,0.1,,quotes,,122.456,105146808
9,IMDB,0.2,,actors,,520.303,200027053
9,IMDB,0.2,,films,,398.408,204508486
9,IMDB,0.2,,plot,,175.557,211538610
9,IMDB,0.2,,quotes,,240.178,210395696
9,StackOverflow,0.01,,Comments,,8.63368,10686646
9,StackOverflow,0.01,,PostHistory,,6.10508,10218136
9,StackOverflow,0.01,,Posts,,5.97403,10780080
9,StackOverflow,0.05,,Comments,,41.0801,53585617
9,StackOverflow,0.05,,PostHistory,,28.2619,52357025
9,StackOverflow,0.05,,Posts,,30.5886,53760151
9,StackOverflow,0.1,,Comments,,82.3655,107343552
9,StackOverflow,0.1,,PostHistory,,59.9212,107106496
9,StackOverflow,0.1,,Posts,,58.7218,107590677
9,StackOverflow,0.5,,Comments,,402.989,536785104
9,StackOverflow,0.5,,PostHistory,,305.12,538117903
9,StackOverflow,0.5,,Posts,,300.487,537341047
9,StackOverflow,1,,Comments,,825.333,1073371218
9,StackOverflow,1,,PostHistory,,585.587,1074695668
9,StackOverflow,1,,Posts,,561.535,1075126023
9,StackOverflow,5,,Comments,,3980.7,5368441585
9,StackOverflow,5,,PostHistory,,2924.46,5370908700
9,StackOverflow,5,,Posts,,2868.73,5371672253
9,StackOverflow,10,,Comments,,8033.98,10736047627
9,StackOverflow,10,,PostHistory,,5802.29,10734064610
9,StackOverflow,10,,Posts,,5823.84,10741845978
9,StackOverflow,50,,PostHistory,,29096.1,53680391425
9,StackOverflow,50,,Posts,,28419.7,53684240600
9,TPCH,1,,orders,o_comment,69.8235,72770808
9,TPCH,1,,part,p_name,7.8683,6550221
9,TPCH,1,,part,p_type,8.74493,4119946
9,TPCH,1,,supplier,s_comment,0.487595,625695
9,TPCH,10,,orders,o_comment,678.572,727385523
9,TPCH,10,,part,p_name,79.6042,65495664
9,TPCH,10,,part,p_type,89.6722,41198753
9,TPCH,10,,supplier,s_comment,5.02707,6242126
9,TPCH,100,,orders,o_comment,6773.81,7275038709
9,TPCH,100,,part,p_name,755.506,654983885
9,TPCH,100,,part,p_type,864.116,411999154
9,TPCH,100,,supplier,s_comment,45.2148,62495624
9,PublicBI,,CityMaxCapita,CityMaxCapita_1,First Link in Tweet,3.98748,3061405
9,PublicBI,,CityMaxCapita,CityMaxCapita_1,User Bio,5.72968,2514846
9,PublicBI,,CommonGovernment,CommonGovernment_1,prod_or_serv_code,0.062173,6860
9,PublicBI,,CommonGovernment,CommonGovernment_1,vend_vendorname,7.29731,3904950
9,PublicBI,,HashTags,HashTags_1,interaction#content,6.36108,2569747
9,PublicBI,,HashTags,HashTags_1,twitter#user#location,2.48977,955349
10,IMDB,0.001,,actors,,2.8156,999823
10,IMDB,0.001,,films,,2.31257,1021699
10,IMDB,0.001,,plot,,0.941409,1060212
10,IMDB,0.001,,quotes,,1.21884,1058497
10,IMDB,0.005,,actors,,13.4419,4996184
10,IMDB,0.005,,films,,10.7049,5109433
10,IMDB,0.005,,plot,,4.34856,5304964
10,IMDB,0.005,,quotes,,6.04542,5259582
10,IMDB,0.01,,actors,,26.4044,9991700
10,IMDB,0.01,,films,,21.0366,10228367
10,IMDB,0.01,,plot,,8.77769,10548213
10,IMDB,0.01,,quotes,,11.4091,10512180
10,IMDB,0.05,,actors,,128.599,50001909
10,IMDB,0.05,,films,,102.93,51137300
10,IMDB,0.05,,plot,,46.227,52909566
10,IMDB,0.05,,quotes,,56.2237,52547855
10,IMDB,0.1,,actors,,259.505,100002165
10,IMDB,0.1,,films,,200.481,102300624
10,IMDB,0.1,,plot,,88.2184,105807242
10,IMDB,0.1,,quotes,,113.591,105146808
10,IMDB,0.2,,actors,,522.449,200027053
10,IMDB,0.2,,films,,421.845,204508486
10,IMDB,0.2,,plot,,186.041,211538610
10,IMDB,0.2,,quotes,,242.988,210395696
10,StackOverflow,0.01,,Comments,,8.51133,10686646
10,StackOverflow,0.01,,PostHistory,,6.16331,10218136
10,StackOverflow,0.01,,Posts,,5.92137,10780080
10,StackOverflow,0.05,,Comments,,42.1169,53585617
10,StackOverflow,0.05,,PostHistory,,29.6191,52357025
10,StackOverflow,0.05,,Posts,,30.5035,53760151
10,StackOverflow,0.1,,Comments,,83.6222,107343552
10,StackOverflow,0.1,,PostHistory,,61.1734,107106496
10,StackOverflow,0.1,,Posts,,60.1974,107590677
10,StackOverflow,0.5,,Comments,,404.857,536785104
10,StackOverflow,0.5,,PostHistory,,311.158,538117903
10,StackOverflow,0.5,,Posts,,300.358,537341047
10,StackOverflow,1,,Comments,,811.155,1073371218
10,StackOverflow,1,,PostHistory,,578.514,1074695668
10,StackOverflow,1,,Posts,,558.469,1075126023
10,StackOverflow,5,,Comments,,4035.75,5368441585
10,StackOverflow,5,,PostHistory,,2900,5370908700
10,StackOverflow,5,,Posts,,2892.75,5371672253
10,StackOverflow,10,,Comments,,8091.27,10736047627
10,StackOverflow,10,,PostHistory,,5820.08,10734064610
10,StackOverflow,10,,Posts,,5827.63,10741845978
10,StackOverflow,50,,PostHistory,,29086.5,53680391425
10,StackOverflow,50,,Posts,,28360.6,53684240600
10,TPCH,1,,orders,o_comment,65.5808,72770808
10,TPCH,1,,part,p_name,7.12317,6550221
10,TPCH,1,,part,p_type,7.89685,4119946
10,TPCH,1,,supplier,s_comment,0.458506,625695
10,TPCH,10,,orders,o_comment,679.259,727385523
10,TPCH,10,,part,p_name,79.0412,65495664
10,TPCH,10,,part,p_type,88.4598,41198753
10,TPCH,10,,supplier,s_comment,5.02661,6242126
10,TPCH,100,,orders,o_comment,6751.86,7275038709
10,TPCH,100,,part,p_name,782.876,654983885
10,TPCH,100,,part,p_type,905.68,411999154
10,TPCH,100,,supplier,s_comment,49.7986,62495624
10,PublicBI,,CityMaxCapita,CityMaxCapita_1,First Link in Tweet,3.97827,3061405
10,PublicBI,,CityMaxCapita,CityMaxCapita_1,User Bio,5.72182,2514846
10,PublicBI,,CommonGovernment,CommonGovernment_1,prod_or_serv_code,0.060734,6860
10,PublicBI,,CommonGovernment,CommonGovernment_1,vend_vendorname,7.29912,3904950
10,PublicBI,,HashTags,HashTags_1,interaction#content,6.44095,2569747
10,PublicBI,,HashTags,HashTags_1,twitter#user#location,2.49181,955349
